Domain,Creation Date,Expiry Date,Exist Days
domain,1970-01-01,2025-04-01,20179
sexhardtvxxxy.top,1970-01-01,2025-04-01,20179
dijiuke.com,2011-12-28,2027-12-28,5844
maplebear.co.kr,1970-01-01,2025-04-01,20179
bauerfeind.de,1970-01-01,2025-04-01,20179
fan-naruto.ru,1970-01-01,2025-04-01,20179
jobruf.de,1970-01-01,2025-04-01,20179
ligabold.dk,1970-01-01,2025-04-01,20179
triumemba.org,2000-09-06,2025-09-06,9131
zevera.com,2009-04-02,2026-04-02,6209
peoplesweather.com,2011-07-05,2025-07-05,5114
slideflix.net,2024-02-23,2026-02-23,731
imperial.cl,1970-01-01,2025-04-01,20179
lifestyler.co.kr,1970-01-01,2025-04-01,20179
russian-language-for-lovers.com,2024-01-17,2025-01-17,366
saiseisha.co.jp,1970-01-01,2025-04-01,20179
quizzdedicat.com,1970-01-01,2025-04-01,20179
aspiration.com,1997-03-14,2030-03-15,12054
hanzhong.gov.cn,1970-01-01,2025-04-01,20179
wens.com.cn,1970-01-01,2025-04-01,20179
